date,NVDA,TSM,AVGO,AMD,INTC,QCOM,TXN,ARM,ADI,MU,NXPI,MRVL,MCHP,STM,MPWR,ON,GFS,ASX,UMC,SWKS,QRVO,LSCC,MTSI,RMBS,ALGM,CRUS,SLAB,SYNA,POWI,TSEM,WOLF,FORM,DIOD,VSH,SITM,SIMO,MXL,SMTC,NVTS,SGH,IMOS,HIMX,LASR,AOSL,ICG,CEVA,SKYT,NVEC,AIP,VLN,MX,MRAM,QUIK,SQNS,PXLW,MOBX,POET,GSIT,LAES,EMKR,WKEY,SMI,LEDS,WISA,PRSO
2023-11-17,492.9366760253906,99.1129150390625,973.2547607421875,120.62000274658203,43.68196105957031,128.65179443359375,153.40940856933594,54.9900016784668,182.19155883789062,77.45628356933594,200.0161590576172,55.52124786376953,83.09711456298828,45.682674407958984,539.1716918945312,70.02999877929688,56.310001373291016,8.520000457763672,7.849999904632568,92.91761016845703,94.08000183105469,58.06999969482422,83.08999633789062,66.22000122070312,28.040000915527344,75.62000274658203,100.0,105.68000030517578,77.0057373046875,27.25,36.709999084472656,38.56999969482422,68.7699966430664,22.394092559814453,113.66999816894531,58.663169860839844,17.600000381469727,15.84000015258789,6.929999828338623,16.600000381469727,24.190000534057617,6.130000114440918,11.279999732971191,22.420000076293945,7.650000095367432,22.229999542236328,6.769999980926514,71.07429504394531,4.679999828338623,2.069999933242798,6.739999771118164,8.960000038146973,10.979999542236328,2.880000114440918,1.1799999475479126,11.350000381469727,1.25,2.5399999618530273,1.190000057220459,0.4000000059604645,1.6200000047683716,44.590911865234375,1.0499999523162842,0.12999999523162842,8.800000190734863
2023-11-20,504.0456848144531,99.49112701416016,991.1525268554688,121.52999877929688,44.60924530029297,128.69154357910156,154.32220458984375,58.68000030517578,182.95794677734375,78.5148696899414,202.40512084960938,56.320404052734375,84.27099609375,46.23198318481445,550.3341064453125,70.68000030517578,58.41999816894531,8.65999984741211,7.960000038146973,94.12975311279297,95.13999938964844,59.720001220703125,84.02999877929688,69.62000274658203,28.739999771118164,76.48999786376953,104.0,106.05999755859375,78.33222198486328,27.81999969482422,36.81999969482422,39.59000015258789,70.91000366210938,22.623111724853516,118.80999755859375,58.80215835571289,18.450000762939453,15.90999984741211,7.090000152587891,16.639999389648438,24.639999389648438,6.230000019073486,11.350000381469727,22.479999542236328,7.650000095367432,22.90999984741211,6.960000038146973,69.68183898925781,4.800000190734863,2.0899999141693115,6.869999885559082,9.300000190734863,11.199999809265137,2.869999885559082,1.1799999475479126,11.399999618530273,1.1699999570846558,2.559999942779541,1.1399999856948853,0.4000000059604645,1.7400000095367432,44.77519226074219,1.0199999809265137,0.14000000059604645,8.800000190734863
2023-11-21,499.3960876464844,97.94840240478516,976.7089233398438,119.16000366210938,43.51245880126953,126.21727752685547,152.22872924804688,58.65999984741211,180.39999389648438,76.607421875,199.51846313476562,54.62220001220703,82.51000213623047,45.29315948486328,537.2446899414062,68.38999938964844,56.4900016784668,8.579999923706055,7.860000133514404,93.07658386230469,93.12999725341797,57.47999954223633,82.79000091552734,66.93000030517578,28.25,75.66999816894531,101.01000213623047,103.61000061035156,76.61677551269531,27.56999969482422,33.599998474121094,38.529998779296875,68.68000030517578,22.175031661987305,115.18000030517578,58.0377197265625,17.709999084472656,15.0600004196167,6.860000133514404,16.299999237060547,24.940000534057617,6.079999923706055,11.15999984741211,21.809999465942383,7.650000095367432,22.170000076293945,6.840000152587891,69.34607696533203,4.96999979019165,2.0399999618530273,6.699999809265137,9.010000228881836,11.470000267028809,2.869999885559082,1.1699999570846558,11.210000038146973,1.0,2.440000057220459,1.0700000524520874,0.36000001430511475,1.690000057220459,44.83993911743164,1.0700000524520874,0.12999999523162842,7.599999904632568
2023-11-22,487.1171875,98.1872787475586,967.551025390625,122.51000213623047,43.5423698425293,126.69424438476562,152.7248077392578,61.7599983215332,181.81333923339844,76.99689483642578,198.66241455078125,55.44132995605469,82.45999908447266,45.22324752807617,545.212158203125,68.55999755859375,56.869998931884766,8.579999923706055,7.869999885559082,93.66278076171875,93.3499984741211,58.08000183105469,84.19999694824219,67.51000213623047,28.219999313354492,75.8499984741211,101.80999755859375,104.18000030517578,76.87609100341797,28.0,33.540000915527344,37.9900016784668,68.66000366210938,22.165075302124023,115.47000122070312,58.95107650756836,17.940000534057617,15.770000457763672,7.079999923706055,16.3700008392334,25.030000686645508,6.010000228881836,11.449999809265137,21.989999771118164,8.84000015258789,22.350000381469727,6.610000133514404,69.89910125732422,5.130000114440918,2.069999933242798,6.71999979019165,8.930000305175781,11.770000457763672,2.890000104904175,1.1200000047683716,11.270000457763672,1.350000023841858,2.2899999618530273,1.059999942779541,0.38999998569488525,1.7200000286102295,44.909664154052734,1.0499999523162842,0.12999999523162842,8.0
2023-11-24,477.718017578125,97.37112426757812,974.3895263671875,122.30999755859375,43.831520080566406,126.94266510009766,152.38748168945312,63.880001068115234,182.19155883789062,76.7672119140625,199.19992065429688,55.97077178955078,83.26000213623047,45.572811126708984,548.5768432617188,69.27999877929688,55.959999084472656,8.579999923706055,7.880000114440918,94.28872680664062,93.38999938964844,57.959999084472656,84.37999725341797,67.4800033569336,27.829999923706055,76.23999786376953,101.83000183105469,103.94000244140625,76.9458999633789,28.15999984741211,34.31999969482422,38.02000045776367,68.70999908447266,22.20490264892578,114.7300033569336,59.19927215576172,18.049999237060547,16.1299991607666,7.21999979019165,16.440000534057617,24.75,5.960000038146973,11.390000343322754,22.200000762939453,8.34000015258789,22.459999084472656,6.889999866485596,70.43238067626953,5.150000095367432,2.200000047683716,6.730000019073486,9.220000267028809,12.970000267028809,2.869999885559082,1.149999976158142,11.270000457763672,1.340000033378601,2.299999952316284,1.0499999523162842,0.4000000059604645,1.7230000495910645,44.86981964111328,1.059999942779541,0.12999999523162842,8.0
2023-11-27,482.3775939941406,96.7540283203125,945.8905639648438,122.6500015258789,43.951175689697266,127.38981628417969,151.40524291992188,61.0,182.90817260742188,77.40635681152344,198.74205017089844,55.840911865234375,81.76000213623047,45.33311080932617,545.6614990234375,68.68000030517578,55.369998931884766,8.5,7.840000152587891,93.99065399169922,93.33999633789062,57.90999984741211,84.66999816894531,67.80000305175781,27.530000686645508,76.87000274658203,101.01000213623047,105.0199966430664,75.85877990722656,27.200000762939453,33.61000061035156,37.95000076293945,67.68000030517578,22.493667602539062,114.12999725341797,59.07020950317383,17.829999923706055,16.3799991607666,6.96999979019165,16.579999923706055,24.950000762939453,5.889999866485596,12.949999809265137,21.6299991607666,8.34000015258789,22.450000762939453,6.849999904632568,69.86947631835938,5.519999980926514,2.200000047683716,6.75,8.829999923706055,12.479999542236328,2.8499999046325684,1.1299999952316284,11.270000457763672,1.309999942779541,2.75,1.0399999618530273,0.44999998807907104,1.7300000190734863,44.95050811767578,1.0800000429153442,0.12999999523162842,7.599999904632568
2023-11-28,478.1679382324219,97.52041625976562,942.0183715820312,122.01000213623047,44.10073471069336,125.78999328613281,151.702880859375,61.91999816894531,182.34085083007812,76.0182113647461,199.11033630371094,55.52124786376953,81.81999969482422,45.67268371582031,542.5863037109375,69.0999984741211,54.84000015258789,8.479999542236328,7.820000171661377,94.16950225830078,93.51000213623047,57.09000015258789,82.94000244140625,67.70999908447266,27.329999923706055,76.9800033569336,101.05999755859375,101.77999877929688,75.4000015258789,27.40999984741211,35.0099983215332,37.08000183105469,66.91000366210938,22.254690170288086,111.5,58.772377014160156,18.100000381469727,16.399999618530273,7.090000152587891,16.6200008392334,25.459999084472656,5.909999847412109,13.489999771118164,21.5,8.34000015258789,22.34000015258789,6.860000133514404,69.20781707763672,5.369999885559082,2.240000009536743,6.670000076293945,8.859999656677246,12.510000228881836,2.9000000953674316,1.1699999570846558,11.270000457763672,1.1799999475479126,2.680000066757202,1.0700000524520874,0.44999998807907104,1.7899999618530273,45.02421951293945,1.100000023841858,0.12999999523162842,7.199999809265137
2023-11-29,481.357666015625,98.41619110107422,936.523681640625,123.8499984741211,44.808658599853516,127.91000366210938,152.0005340576172,62.209999084472656,181.8531494140625,76.58744812011719,203.3905792236328,56.04069519042969,82.9800033569336,46.95107650756836,551.5921630859375,71.62000274658203,54.95000076293945,8.649999618530273,7.880000114440918,95.38163757324219,95.88999938964844,59.060001373291016,83.52999877929688,69.05000305175781,27.549999237060547,76.66999816894531,102.27999877929688,102.29000091552734,77.4800033569336,27.860000610351562,36.25,37.4900016784668,67.7699966430664,22.34430694580078,112.91999816894531,58.643314361572266,18.690000534057617,16.34000015258789,7.059999942779541,16.799999237060547,25.690000534057617,5.880000114440918,13.510000228881836,21.8700008392334,8.34000015258789,22.110000610351562,7.230000019073486,70.21511840820312,5.380000114440918,2.309999942779541,6.690000057220459,8.979999542236328,12.960000038146973,2.869999885559082,1.1799999475479126,11.270000457763672,1.1200000047683716,2.700000047683716,1.2380000352859497,0.44999998807907104,1.7300000190734863,45.48242950439453,1.090000033378601,0.14000000059604645,6.800000190734863
2023-11-30,467.6589050292969,96.85355377197266,921.4927368164062,121.16000366210938,44.56936264038086,129.0500030517578,151.51437377929688,61.5,182.52000427246094,76.0182113647461,203.1417236328125,55.67108917236328,83.44000244140625,47.38053894042969,547.8579711914062,71.33000183105469,53.689998626708984,8.600000381469727,7.789999961853027,96.30564880371094,96.5,58.54999923706055,83.9800033569336,67.66999816894531,27.219999313354492,75.91000366210938,105.37000274658203,101.23999786376953,76.41000366210938,27.3799991607666,36.86000061035156,37.58000183105469,66.41999816894531,22.135202407836914,110.5999984741211,58.375267028808594,18.729999542236328,16.3700008392334,6.940000057220459,16.65999984741211,25.809999465942383,5.710000038146973,13.220000267028809,21.389999389648438,8.34000015258789,21.760000228881836,7.050000190734863,70.77802276611328,5.510000228881836,2.3499999046325684,6.590000152587891,8.90999984741211,10.989999771118164,2.880000114440918,1.149999976158142,11.270000457763672,0.8799999952316284,2.7699999809265137,1.0499999523162842,0.4699999988079071,1.7599999904632568,45.39975357055664,1.25,0.14000000059604645,8.0
2023-12-01,467.60888671875,98.0877456665039,925.7432250976562,121.38999938964844,43.61216735839844,129.6699981689453,153.9947967529297,63.900001525878906,183.07000732421875,75.82846069335938,204.73435974121094,52.74418640136719,84.66000366210938,47.7800407409668,558.7308959960938,74.18000030517578,53.630001068115234,8.739999771118164,7.940000057220459,97.55754089355469,97.41999816894531,60.2599983215332,85.41000366210938,68.93000030517578,27.280000686645508,76.18000030517578,109.08000183105469,101.7300033569336,77.62000274658203,27.639999389648438,39.68000030517578,37.52000045776367,67.80000305175781,22.473751068115234,110.62000274658203,58.405052185058594,18.989999771118164,16.81999969482422,7.159999847412109,16.479999542236328,26.09000015258789,5.78000020980835,13.430000305175781,21.739999771118164,8.34000015258789,21.579999923706055,7.340000152587891,72.21985626220703,5.5,2.319999933242798,6.710000038146973,8.970000267028809,11.90999984741211,2.890000104904175,1.159999966621399,11.449999809265137,1.1399999856948853,2.7699999809265137,1.0299999713897705,0.49000000953674316,1.7200000286102295,45.59299850463867,1.25,0.14000000059604645,8.399999618530273
2023-12-04,455.05999755859375,96.55496978759766,919.7407836914062,118.56999969482422,42.226226806640625,129.9499969482422,156.18748474121094,61.93000030517578,183.25999450683594,74.19065856933594,205.33160400390625,51.955020904541016,84.48999786376953,47.4504508972168,558.6609497070312,73.0999984741211,52.459999084472656,8.630000114440918,7.849999904632568,98.30270385742188,97.66999816894531,61.599998474121094,85.0999984741211,64.8499984741211,27.329999923706055,77.0199966430664,109.87000274658203,100.29000091552734,77.80999755859375,27.559999465942383,40.45000076293945,37.310001373291016,69.41000366210938,22.59324073791504,108.45999908447266,58.007938385009766,19.25,16.809999465942383,7.260000228881836,17.100000381469727,26.440000534057617,5.639999866485596,13.529999732971191,22.229999542236328,9.0,22.079999923706055,7.5,72.92101287841797,5.400000095367432,2.359999895095825,6.639999866485596,8.859999656677246,11.25,2.890000104904175,1.1200000047683716,11.34000015258789,1.0499999523162842,2.7100000381469727,1.0199999809265137,0.5099999904632568,1.7000000476837158,45.477447509765625,1.2799999713897705,0.1899999976158142,8.0
2023-12-05,465.6600036621094,96.2364730834961,908.9404907226562,118.37999725341797,41.797481536865234,130.75,156.01882934570312,63.59000015258789,180.6300048828125,73.59146118164062,204.88368225097656,50.64640808105469,83.55000305175781,47.42049026489258,552.5206909179688,72.27999877929688,51.619998931884766,8.59000015258789,7.730000019073486,98.40206146240234,97.11000061035156,60.709999084472656,84.86000061035156,64.55999755859375,26.600000381469727,78.0999984741211,110.6500015258789,97.38999938964844,76.44000244140625,27.440000534057617,38.5099983215332,36.66999816894531,67.97000122070312,22.214860916137695,102.06999969482422,57.809383392333984,18.8700008392334,16.68000030517578,7.130000114440918,16.989999771118164,26.459999084472656,5.539999961853027,13.020000457763672,21.68000030517578,8.850000381469727,21.549999237060547,7.489999771118164,73.19754028320312,5.400000095367432,2.430000066757202,6.769999980926514,8.640000343322754,10.710000038146973,2.7899999618530273,1.059999942779541,11.300000190734863,0.9300000071525574,2.5199999809265137,0.972000002861023,0.47999998927116394,1.6699999570846558,45.651771545410156,1.3300000429153442,0.15000000596046448,8.0
2023-12-06,455.0299987792969,97.39102172851562,899.50390625,116.81999969482422,41.149383544921875,129.9600067138672,154.82821655273438,61.060001373291016,180.57000732421875,73.0322036743164,204.9732666015625,50.37668991088867,83.62000274658203,47.41050338745117,553.3693237304688,73.44000244140625,51.08000183105469,8.59000015258789,7.71999979019165,99.65394592285156,97.51000213623047,59.72999954223633,84.16999816894531,64.0999984741211,26.31999969482422,77.7300033569336,111.33000183105469,99.37000274658203,77.87999725341797,27.989999771118164,38.25,36.470001220703125,68.13999938964844,22.274606704711914,102.0,57.392417907714844,19.010000228881836,16.700000762939453,7.289999961853027,17.0,26.229999542236328,5.510000228881836,12.760000228881836,21.950000762939453,8.699999809265137,21.790000915527344,7.739999771118164,72.87164306640625,5.309999942779541,2.3399999141693115,6.789999961853027,8.520000457763672,11.260000228881836,2.819999933242798,1.059999942779541,11.3100004196167,0.9900000095367432,2.430000066757202,0.9330000281333923,0.46000000834465027,1.600000023841858,45.7314567565918,1.3300000429153442,0.14000000059604645,7.199999809265137
2023-12-07,465.9599914550781,98.82427215576172,918.0386962890625,128.3699951171875,42.02681350708008,132.94000244140625,156.44544982910156,62.439998626708984,184.3800048828125,73.551513671875,210.7266845703125,52.134830474853516,85.80999755859375,47.700138092041016,567.60693359375,75.83999633789062,52.7599983215332,8.670000076293945,7.800000190734863,101.6211929321289,100.31999969482422,61.27000045776367,84.80999755859375,64.66999816894531,26.889999389648438,78.55999755859375,117.66999816894531,99.54000091552734,78.44000244140625,28.5,39.88999938964844,36.630001068115234,71.12000274658203,22.762516021728516,104.5,57.40234375,19.350000381469727,19.420000076293945,7.579999923706055,17.530000686645508,26.360000610351562,5.539999961853027,13.199999809265137,22.610000610351562,8.869999885559082,21.520000457763672,8.029999732971191,72.7235107421875,5.650000095367432,2.3499999046325684,6.809999942779541,8.8100004196167,11.300000190734863,2.7899999618530273,1.090000033378601,11.5,1.059999942779541,3.0999999046325684,1.0800000429153442,0.46000000834465027,1.6200000047683716,45.7613410949707,1.2599999904632568,0.14000000059604645,7.199999809265137
2023-12-08,475.05999755859375,99.8792953491211,939.977783203125,128.9199981689453,42.5752067565918,132.97000122070312,155.800537109375,67.2300033569336,184.8800048828125,74.8597640991211,214.55899047851562,52.824100494384766,86.08000183105469,47.810001373291016,574.8255615234375,76.13999938964844,52.5,8.770000457763672,7.800000190734863,103.11152648925781,103.97000122070312,61.709999084472656,86.37999725341797,65.5199966430664,26.84000015258789,78.52999877929688,121.88999938964844,106.75,78.37000274658203,28.399999618530273,39.68000030517578,37.40999984741211,72.05000305175781,23.031362533569336,114.80999755859375,58.43483352661133,19.389999389648438,20.040000915527344,7.539999961853027,17.510000228881836,26.5,5.53000020980835,13.539999961853027,22.719999313354492,8.694999694824219,21.6299991607666,8.069999694824219,72.86176300048828,5.610000133514404,2.3499999046325684,6.800000190734863,8.729999542236328,11.819999694824219,2.819999933242798,1.149999976158142,11.649999618530273,1.0499999523162842,2.950000047683716,1.0099999904632568,0.47999998927116394,1.6299999952316284,45.53223419189453,1.5,0.12999999523162842,8.0
2023-12-11,466.2699890136719,100.47647857666016,1024.529052734375,134.41000366210938,44.409828186035156,136.10000610351562,158.717529296875,64.88999938964844,190.1300048828125,77.68597412109375,219.53599548339844,54.42240905761719,88.91000366210938,48.2599983215332,591.4694213867188,79.4000015258789,55.349998474121094,8.9399995803833,7.900000095367432,106.0027847290039,106.04000091552734,63.86000061035156,87.69999694824219,68.26000213623047,27.360000610351562,81.38999938964844,122.81999969482422,107.54000091552734,81.31999969482422,29.09000015258789,39.540000915527344,38.75,74.05000305175781,23.350000381469727,112.19999694824219,58.63338851928711,19.84000015258789,20.6200008392334,7.550000190734863,17.59000015258789,26.610000610351562,5.449999809265137,13.649999618530273,23.020000457763672,8.930000305175781,22.739999771118164,8.069999694824219,73.36541748046875,5.739999771118164,2.359999895095825,6.78000020980835,8.899999618530273,11.329999923706055,2.819999933242798,1.1799999475479126,11.119999885559082,0.8999999761581421,2.9800000190734863,1.059999942779541,0.47999998927116394,1.6299999952316284,45.6866340637207,1.7400000095367432,0.11999999731779099,7.199999809265137
2023-12-12,476.57000732421875,101.1234359741211,1067.3720703125,137.61000061035156,43.91128921508789,136.67999267578125,156.68357849121094,64.70999908447266,190.97000122070312,78.05548858642578,219.1300048828125,54.202640533447266,89.2300033569336,48.22999954223633,594.884033203125,78.38999938964844,56.310001373291016,8.890000343322754,7.940000057220459,105.98291015625,106.2699966430664,64.76000213623047,88.12999725341797,67.37999725341797,27.40999984741211,80.16000366210938,120.45999908447266,106.95999908447266,80.94000244140625,29.670000076293945,37.59000015258789,38.939998626708984,72.41999816894531,23.229999542236328,112.70999908447266,58.11714553833008,19.68000030517578,20.479999542236328,7.53000020980835,17.889999389648438,26.799999237060547,5.440000057220459,13.710000038146973,23.459999084472656,9.140000343322754,22.15999984741211,8.100000381469727,73.47405242919922,5.880000114440918,2.359999895095825,6.929999828338623,8.84000015258789,12.069999694824219,2.819999933242798,1.1799999475479126,11.119999885559082,0.7900000214576721,2.75,0.9900000095367432,0.5199999809265137,1.6699999570846558,45.7065544128418,1.7400000095367432,0.11999999731779099,8.399999618530273
2023-12-13,480.8800048828125,101.64099884033203,1084.7022705078125,138.19000244140625,44.43973922729492,138.8000030517578,160.54312133789062,65.61000061035156,192.27000427246094,79.68330383300781,221.3300018310547,57.1495246887207,89.86000061035156,48.77000045776367,607.7637329101562,81.05999755859375,57.75,9.0,8.0600004196167,108.26809692382812,108.31999969482422,65.41000366210938,89.94000244140625,68.69999694824219,29.280000686645508,81.29000091552734,121.83999633789062,108.19999694824219,81.43000030517578,30.010000228881836,40.33000183105469,39.18000030517578,75.04000091552734,23.520000457763672,117.20999908447266,59.37797164916992,20.510000228881836,21.489999771118164,7.849999904632568,18.200000762939453,27.420000076293945,5.690000057220459,14.15999984741211,24.399999618530273,9.489999771118164,22.510000228881836,8.149999618530273,74.3924789428711,6.110000133514404,2.309999942779541,6.920000076293945,8.399999618530273,12.800000190734863,2.799999952316284,1.159999966621399,11.119999885559082,0.8100000023841858,2.8399999141693115,1.0499999523162842,0.4099999964237213,1.659999966621399,45.98048782348633,1.5700000524520874,0.11999999731779099,8.0
2023-12-14,483.5,103.44999694824219,1101.4254150390625,138.0,45.04795837402344,141.5,167.4585418701172,70.73500061035156,200.1699981689453,82.08009338378906,232.67999267578125,59.227325439453125,92.95999908447266,50.15999984741211,636.3887329101562,86.20999908447266,59.220001220703125,9.100000381469727,8.140000343322754,112.67950439453125,112.55000305175781,69.5199966430664,92.08999633789062,69.98999786376953,30.850000381469727,85.0199966430664,131.22999572753906,114.55999755859375,86.88999938964844,30.489999771118164,44.25,40.56999969482422,78.87000274658203,24.520000457763672,126.61000061035156,59.775081634521484,22.020000457763672,22.8799991607666,8.289999961853027,18.84000015258789,27.6299991607666,5.900000095367432,14.649999618530273,25.420000076293945,10.199999809265137,23.8799991607666,8.09000015258789,77.42427062988281,5.980000019073486,2.380000114440918,6.989999771118164,8.399999618530273,12.789999961853027,2.7899999618530273,1.190000057220459,11.699999809265137,0.7900000214576721,2.9000000953674316,1.059999942779541,0.4000000059604645,1.649999976158142,46.226524353027344,1.399999976158142,0.14000000059604645,8.800000190734863
2023-12-15,488.8999938964844,102.54000091552734,1124.5689697265625,139.14999389648438,46.02509307861328,143.1300048828125,167.31964111328125,71.02999877929688,200.8800048828125,81.30113983154297,232.92999267578125,59.527008056640625,92.19999694824219,50.41999816894531,632.3151245117188,85.6500015258789,58.75,9.0600004196167,8.100000381469727,111.86477661132812,112.26000213623047,69.6500015258789,92.88999938964844,69.47000122070312,31.209999084472656,83.80999755859375,133.3000030517578,117.91000366210938,84.97000122070312,30.290000915527344,43.31999969482422,40.13999938964844,77.80999755859375,24.18000030517578,129.4199981689453,59.53681564331055,21.799999237060547,22.290000915527344,8.15999984741211,18.540000915527344,27.31999969482422,6.079999923706055,13.869999885559082,24.8700008392334,11.180000305175781,23.549999237060547,8.130000114440918,78.77721405029297,5.829999923706055,2.390000104904175,7.070000171661377,8.399999618530273,13.449999809265137,2.809999942779541,1.2100000381469727,11.680000305175781,0.800000011920929,2.7300000190734863,1.090000033378601,0.4300000071525574,1.5700000524520874,46.19464874267578,1.5700000524520874,0.12999999523162842,8.800000190734863
2023-12-18,500.7699890136719,102.93000030517578,1141.75,138.89999389648438,45.55646514892578,141.64999389648438,166.10919189453125,68.87000274658203,196.58999633789062,81.45093536376953,229.3300018310547,59.6568717956543,91.30999755859375,49.90999984741211,633.33349609375,83.76000213623047,58.52000045776367,9.079999923706055,8.079999923706055,110.55328369140625,111.91000366210938,68.7699966430664,92.98999786376953,68.62000274658203,30.690000534057617,83.45999908447266,130.36000061035156,118.93000030517578,85.5,29.950000762939453,43.33000183105469,40.540000915527344,77.6500015258789,23.979999542236328,127.58999633789062,58.80215835571289,21.920000076293945,22.09000015258789,8.130000114440918,18.3799991607666,27.600000381469727,6.119999885559082,13.510000228881836,24.75,11.75,23.280000686645508,7.960000038146973,78.45132446289062,5.75,2.380000114440918,7.230000019073486,8.550000190734863,13.630000114440918,2.8299999237060547,1.2100000381469727,11.307999610900879,0.7699999809265137,2.680000066757202,1.0499999523162842,0.4099999964237213,1.7400000095367432,46.15480422973633,1.5399999618530273,0.12999999523162842,8.800000190734863
2023-12-19,496.0400085449219,103.87000274658203,1139.5799560546875,140.14999389648438,46.52363204956055,143.22999572753906,167.1807403564453,69.43000030517578,197.8300018310547,82.06011962890625,229.3800048828125,59.5969352722168,91.38999938964844,50.43000030517578,634.2620239257812,84.73999786376953,58.630001068115234,9.170000076293945,7.980000019073486,110.89109802246094,111.48999786376953,70.95999908447266,94.0199966430664,67.22000122070312,30.81999969482422,83.7300033569336,130.3699951171875,119.81999969482422,85.2300033569336,30.510000228881836,44.88999938964844,40.2599983215332,78.91000366210938,24.18000030517578,124.58000183105469,59.467323303222656,22.389999389648438,21.700000762939453,8.1899995803833,18.520000457763672,27.260000228881836,6.170000076293945,13.359999656677246,25.15999984741211,12.180000305175781,23.260000228881836,8.199999809265137,78.36244201660156,6.0,2.390000104904175,7.289999961853027,8.630000114440918,13.199999809265137,2.8299999237060547,1.25,10.829999923706055,0.8299999833106995,2.680000066757202,1.0399999618530273,0.4099999964237213,1.659999966621399,46.19963073730469,1.5199999809265137,0.12999999523162842,9.199999809265137
2023-12-20,481.1099853515625,100.04000091552734,1110.3800048828125,135.47000122070312,45.626258850097656,140.44000244140625,163.88673400878906,68.4000015258789,192.19000244140625,78.58477783203125,222.89999389648438,57.47917556762695,88.55000305175781,49.08000183105469,610.0701293945312,81.16999816894531,58.040000915527344,8.880000114440918,7.820000171661377,108.8642349243164,108.55000305175781,67.91999816894531,91.6500015258789,64.91999816894531,30.0,81.94999694824219,126.55999755859375,114.61000061035156,81.80000305175781,30.049999237060547,41.90999984741211,39.099998474121094,78.30000305175781,23.739999771118164,120.73999786376953,57.749813079833984,22.139999389648438,21.0,7.820000171661377,17.84000015258789,26.530000686645508,5.960000038146973,13.010000228881836,25.079999923706055,12.744999885559082,23.010000228881836,7.75,77.57240295410156,5.690000057220459,2.380000114440918,7.539999961853027,8.779999732971191,13.0,2.819999933242798,1.2300000190734863,10.020000457763672,0.8100000023841858,2.700000047683716,1.0820000171661377,0.4099999964237213,1.5800000429153442,46.329124450683594,1.4600000381469727,0.12999999523162842,9.600000381469727
2023-12-21,489.8999938964844,102.55000305175781,1127.2900390625,139.91000366210938,46.942405700683594,142.44000244140625,165.50396728515625,71.19999694824219,196.27999877929688,85.3656997680664,229.25,60.186309814453125,89.87999725341797,50.2400016784668,620.7532958984375,83.6500015258789,59.810001373291016,9.079999923706055,7.920000076293945,111.4574203491211,111.20999908447266,70.43000030517578,94.05000305175781,69.3499984741211,30.6299991607666,83.81999969482422,131.69000244140625,117.7699966430664,82.87999725341797,30.639999389648438,44.880001068115234,40.68000030517578,80.16999816894531,23.979999542236328,125.69999694824219,59.64602279663086,23.1299991607666,22.25,8.100000381469727,18.360000610351562,27.09000015258789,6.059999942779541,13.489999771118164,25.649999618530273,13.463000297546387,23.59000015258789,8.880000114440918,78.94510650634766,5.650000095367432,2.390000104904175,7.670000076293945,9.199999809265137,13.539999961853027,2.819999933242798,1.2400000095367432,10.65999984741211,0.8600000143051147,2.990000009536743,1.0800000429153442,0.4099999964237213,1.6399999856948853,46.29924011230469,1.440000057220459,0.11999999731779099,10.0
2023-12-22,488.29998779296875,103.1500015258789,1121.97998046875,139.60000610351562,47.85971450805664,143.49000549316406,166.9227752685547,72.29000091552734,197.10000610351562,86.37434387207031,228.9499969482422,60.186309814453125,90.19000244140625,50.119998931884766,616.6697387695312,84.01000213623047,60.34000015258789,9.15999984741211,7.96999979019165,112.11316680908203,112.5999984741211,70.16000366210938,94.36000061035156,69.6500015258789,30.899999618530273,84.05999755859375,132.00999450683594,118.02999877929688,83.73999786376953,30.270000457763672,44.43000030517578,41.380001068115234,81.12000274658203,24.360000610351562,126.66999816894531,60.25161361694336,23.899999618530273,22.280000686645508,8.149999618530273,18.729999542236328,27.079999923706055,6.300000190734863,13.59000015258789,25.770000457763672,13.694999694824219,23.09000015258789,9.4399995803833,79.27098846435547,5.610000133514404,2.4200000762939453,7.699999809265137,9.109999656677246,13.350000381469727,2.799999952316284,1.2300000190734863,5.21999979019165,0.8799999952316284,2.7300000190734863,1.149999976158142,0.4300000071525574,1.6100000143051147,46.36896514892578,1.399999976158142,0.11999999731779099,10.800000190734863
2023-12-26,492.7900085449219,104.44999694824219,1131.8900146484375,143.41000366210938,50.35240936279297,145.4600067138672,169.47265625,73.41000366210938,198.8699951171875,86.9435806274414,231.9499969482422,61.08536148071289,91.30999755859375,50.54999923706055,636.0392456054688,85.47000122070312,61.9900016784668,9.390000343322754,8.210000038146973,113.77241516113281,114.37999725341797,71.12999725341797,95.51000213623047,69.88999938964844,31.200000762939453,84.55000305175781,135.17999267578125,118.87999725341797,84.69999694824219,29.90999984741211,46.84000015258789,42.0099983215332,82.19000244140625,24.399999618530273,128.80999755859375,59.90414047241211,24.719999313354492,22.559999465942383,8.359999656677246,19.1299991607666,27.639999389648438,6.369999885559082,13.819999694824219,26.450000762939453,13.6899995803833,23.40999984741211,9.835000038146973,78.98460388183594,5.809999942779541,2.4100000858306885,7.510000228881836,9.380000114440918,14.050000190734863,2.799999952316284,1.3700000047683716,7.0,0.8999999761581421,2.7200000286102295,1.1200000047683716,0.4300000071525574,1.6200000047683716,46.31916427612305,1.4500000476837158,0.11999999731779099,9.199999809265137
2023-12-27,494.1700134277344,104.6500015258789,1126.1700439453125,146.07000732421875,50.61164855957031,145.72000122070312,169.8893585205078,74.25,199.35000610351562,86.54412078857422,232.10000610351562,61.19524002075195,91.12000274658203,50.900001525878906,635.5599975585938,85.05000305175781,62.2400016784668,9.430000305175781,8.65999984741211,113.67306518554688,114.61000061035156,71.30000305175781,95.30000305175781,68.48999786376953,31.09000015258789,84.37999725341797,135.67999267578125,118.47000122070312,83.83000183105469,30.3700008392334,46.5099983215332,42.0,82.20999908447266,24.200000762939453,128.00999450683594,59.804866790771484,24.920000076293945,22.3700008392334,8.34000015258789,19.209999084472656,27.950000762939453,6.150000095367432,13.90999984741211,26.5,13.0,23.469999313354492,9.699999809265137,79.30062103271484,5.980000019073486,2.4600000381469727,7.539999961853027,9.359999656677246,14.289999961853027,2.799999952316284,1.3700000047683716,6.110000133514404,0.8799999952316284,2.700000047683716,1.149999976158142,0.41999998688697815,1.6699999570846558,46.42696762084961,1.440000057220459,0.11999999731779099,9.600000381469727
2023-12-28,495.2200012207031,104.69999694824219,1122.4100341796875,148.75999450683594,50.24272918701172,145.86000061035156,170.3755340576172,77.47000122070312,200.24000549316406,85.88499450683594,231.07000732421875,61.235198974609375,90.83999633789062,50.220001220703125,632.219970703125,84.9800033569336,61.5099983215332,9.449999809265137,8.510000228881836,113.18621063232422,114.18000030517578,70.94999694824219,94.45999908447266,68.5999984741211,30.84000015258789,84.33999633789062,135.4499969482422,117.08999633789062,83.37000274658203,30.5,45.470001220703125,41.900001525878906,81.56999969482422,24.06999969482422,126.16999816894531,60.52959060668945,24.459999084472656,22.25,8.300000190734863,19.360000610351562,27.84000015258789,6.170000076293945,13.760000228881836,26.549999237060547,12.38700008392334,23.309999465942383,9.770000457763672,78.60932922363281,6.070000171661377,2.440000057220459,7.570000171661377,9.229999542236328,13.960000038146973,2.809999942779541,1.3300000429153442,6.130000114440918,0.9200000166893005,2.6500000953674316,1.399999976158142,0.44999998807907104,1.9800000190734863,46.35210418701172,1.3799999952316284,0.11999999731779099,10.399999618530273
2023-12-29,495.2200012207031,104.0,1116.25,147.41000366210938,50.1031379699707,144.6300048828125,169.12539672851562,75.1449966430664,198.55999755859375,85.33999633789062,229.67999267578125,60.24625015258789,90.18000030517578,50.130001068115234,630.780029296875,83.52999877929688,60.599998474121094,9.40999984741211,8.460000038146973,111.69587707519531,112.61000061035156,68.98999786376953,92.94999694824219,68.25,30.270000457763672,83.19000244140625,132.27000427246094,114.08000183105469,82.11000061035156,30.520000457763672,43.5099983215332,41.709999084472656,80.5199966430664,23.969999313354492,122.08000183105469,60.827423095703125,23.770000457763672,21.90999984741211,8.069999694824219,18.93000030517578,27.209999084472656,6.070000171661377,13.5,26.059999465942383,12.369999885559082,22.709999084472656,9.619999885559082,77.45389556884766,5.889999866485596,2.450000047683716,7.5,9.039999961853027,13.859999656677246,2.8299999237060547,1.309999942779541,4.019999980926514,0.9399999976158142,2.640000104904175,1.2799999713897705,0.49000000953674316,1.75,46.3670768737793,1.3899999856948853,0.11999999731779099,11.199999809265137
2024-01-02,481.67999267578125,101.52999877929688,1085.3800048828125,138.5800018310547,47.66029739379883,140.22999572753906,167.93478393554688,68.91999816894531,193.5800018310547,82.33999633789062,221.17999267578125,58.1085090637207,86.55999755859375,48.349998474121094,604.0,81.44999694824219,58.0,9.079999923706055,8.279999732971191,108.40719604492188,108.91000366210938,68.4000015258789,90.27999877929688,65.25,29.4950008392334,81.68000030517578,127.87999725341797,111.0,80.12999725341797,30.290000915527344,43.2400016784668,40.349998474121094,79.6500015258789,23.510000228881836,117.44000244140625,59.209197998046875,22.989999771118164,21.639999389648438,7.630000114440918,18.31999969482422,26.850000381469727,6.340000152587891,13.199999809265137,27.3799991607666,13.390999794006348,21.639999389648438,8.949999809265137,74.89612579345703,5.599999904632568,2.4200000762939453,7.860000133514404,8.739999771118164,13.680000305175781,2.809999942779541,1.2699999809265137,2.700000047683716,0.9300000071525574,2.6600000858306885,1.1699999570846558,0.49000000953674316,1.8550000190734863,46.338130950927734,1.350000023841858,0.11999999731779099,9.600000381469727
2024-01-03,475.69000244140625,100.16999816894531,1058.5799560546875,135.32000732421875,46.91249084472656,137.60000610351562,165.4345245361328,67.91000366210938,188.9600067138672,82.26000213623047,216.0800018310547,56.69999694824219,84.56999969482422,46.9900016784668,578.2999877929688,79.30999755859375,57.02000045776367,8.600000381469727,8.039999961853027,104.53231811523438,105.69000244140625,65.77999877929688,85.72000122070312,63.90999984741211,29.010000228881836,80.26000213623047,121.48999786376953,107.63999938964844,78.43000030517578,30.489999771118164,40.560001373291016,38.900001525878906,76.27999877929688,23.09000015258789,116.80000305175781,59.020572662353516,21.809999465942383,20.459999084472656,7.21999979019165,17.639999389648438,26.670000076293945,6.150000095367432,12.789999961853027,28.209999084472656,12.5,21.110000610351562,8.694999694824219,73.10865020751953,5.409999847412109,2.4000000953674316,7.929999828338623,8.569999694824219,13.90999984741211,2.7899999618530273,1.2699999809265137,2.9600000381469727,0.8899999856948853,2.549999952316284,1.4199999570846558,0.5,1.9299999475479126,46.3670768737793,1.309999942779541,0.11999999731779099,8.029999732971191
2024-01-04,479.9800109863281,99.12999725341797,1049.010009765625,136.00999450683594,46.73301696777344,136.1699981689453,163.1822967529297,68.38999938964844,186.07000732421875,82.70999908447266,207.75999450683594,58.06999969482422,83.4000015258789,44.900001525878906,571.0599975585938,76.19999694824219,55.83000183105469,8.59000015258789,8.130000114440918,102.55513763427734,102.98999786376953,64.86000061035156,82.75,62.7400016784668,27.165000915527344,78.23999786376953,121.06999969482422,104.41000366210938,77.27999877929688,29.729999542236328,39.58000183105469,38.209999084472656,75.08999633789062,22.670000076293945,111.55999755859375,62.028682708740234,21.459999084472656,20.399999618530273,7.099999904632568,17.639999389648438,26.760000228881836,6.070000171661377,12.800000190734863,26.670000076293945,12.60200023651123,21.239999771118164,8.489999771118164,72.5260009765625,5.550000190734863,2.4200000762939453,7.670000076293945,8.859999656677246,13.350000381469727,2.809999942779541,1.25,4.360000133514404,0.8899999856948853,2.4800000190734863,1.3700000047683716,0.4699999988079071,1.7799999713897705,46.3321418762207,1.309999942779541,0.11999999731779099,7.199999809265137
2024-01-05,490.9700012207031,99.61000061035156,1049.280029296875,138.5800018310547,46.752960205078125,136.72999572753906,163.807373046875,67.05000305175781,186.5500030517578,83.44999694824219,205.72000122070312,59.91999816894531,83.98999786376953,44.61000061035156,573.989990234375,75.69999694824219,56.040000915527344,8.569999694824219,8.100000381469727,102.60481262207031,103.12000274658203,64.58999633789062,81.83000183105469,63.400001525878906,26.80500030517578,77.77999877929688,120.58999633789062,103.68000030517578,76.37999725341797,29.469999313354492,40.81999969482422,37.65999984741211,73.55000305175781,22.479999542236328,113.2300033569336,64.53047943115234,21.690000534057617,20.469999313354492,6.929999828338623,17.790000915527344,26.639999389648438,6.050000190734863,12.710000038146973,26.309999465942383,12.60200023651123,21.09000015258789,8.550000190734863,72.15072631835938,5.389999866485596,2.4100000858306885,7.559999942779541,9.109999656677246,14.15999984741211,2.8299999237060547,1.2699999809265137,3.9800000190734863,0.9200000166893005,2.4700000286102295,1.350000023841858,0.46000000834465027,1.8200000524520874,46.2702522277832,1.309999942779541,0.10999999940395355,6.630000114440918
2024-01-08,522.530029296875,102.23999786376953,1074.8499755859375,146.17999267578125,48.30839920043945,139.02999877929688,167.22042846679688,72.83999633789062,188.97999572753906,84.94999694824219,212.1699981689453,64.11000061035156,85.63999938964844,45.45000076293945,590.7100219726562,77.94000244140625,58.20000076293945,8.800000190734863,8.229999542236328,105.38677978515625,105.38999938964844,66.30000305175781,84.66000366210938,66.58999633789062,27.290000915527344,80.77999877929688,125.0999984741211,108.30000305175781,77.25,29.90999984741211,41.709999084472656,38.63999938964844,76.01000213623047,22.8700008392334,114.72000122070312,64.47091674804688,22.440000534057617,21.030000686645508,7.190000057220459,18.239999771118164,26.739999771118164,6.199999809265137,12.989999771118164,26.739999771118164,13.670000076293945,21.780000686645508,9.0600004196167,73.60243225097656,5.389999866485596,2.430000066757202,7.349999904632568,8.920000076293945,14.369999885559082,2.8299999237060547,1.2999999523162842,3.5,0.8899999856948853,2.569999933242798,1.2999999523162842,0.44999998807907104,2.119999885559082,46.38504409790039,1.3200000524520874,0.11999999731779099,6.71999979019165
2024-01-09,531.4000244140625,101.88999938964844,1082.489990234375,149.25999450683594,47.909568786621094,139.88999938964844,167.30972290039062,71.87999725341797,189.75999450683594,83.33000183105469,211.7100067138672,63.470001220703125,85.33999633789062,44.66999816894531,593.75,77.02999877929688,58.41999816894531,8.760000228881836,8.109999656677246,103.90637969970703,104.0,66.80999755859375,83.63999938964844,66.69999694824219,27.09000015258789,79.37000274658203,124.62999725341797,105.94000244140625,77.26000213623047,30.09000015258789,40.029998779296875,38.77000045776367,74.75,22.290000915527344,117.27999877929688,64.52055358886719,22.0,20.940000534057617,7.159999847412109,18.469999313354492,26.3700008392334,6.119999885559082,13.069999694824219,26.479999542236328,13.142999649047852,21.719999313354492,8.90999984741211,72.64450073242188,5.28000020980835,2.369999885559082,7.210000038146973,8.779999732971191,14.329999923706055,2.8499999046325684,1.3600000143051147,3.3299999237060547,0.9399999976158142,2.450000047683716,1.600000023841858,0.44999998807907104,2.180000066757202,46.34212112426758,1.350000023841858,0.10999999940395355,6.829999923706055
2024-01-10,543.5,100.80000305175781,1080.5699462890625,148.5399932861328,47.33126449584961,139.30999755859375,165.94052124023438,70.7699966430664,188.3699951171875,82.37999725341797,211.2899932861328,63.43000030517578,85.44000244140625,44.38999938964844,589.1900024414062,75.61000061035156,57.18000030517578,8.770000457763672,8.039999961853027,103.65798950195312,104.48999786376953,66.30000305175781,84.08000183105469,65.20999908447266,26.979999542236328,79.38999938964844,124.12000274658203,106.45999908447266,77.13999938964844,29.799999237060547,36.189998626708984,38.65999984741211,73.87999725341797,22.389999389648438,116.47000122070312,64.34185028076172,21.889999389648438,20.600000381469727,7.110000133514404,20.3799991607666,26.1299991607666,6.139999866485596,12.920000076293945,26.1200008392334,13.142999649047852,21.31999969482422,8.869999885559082,71.91371154785156,5.295000076293945,2.4600000381469727,7.099999904632568,8.619999885559082,14.210000038146973,2.8399999141693115,1.409999966621399,3.190000057220459,0.9900000095367432,2.3499999046325684,1.9500000476837158,0.46000000834465027,2.240000009536743,46.27723693847656,1.3700000047683716,0.10999999940395355,6.639999866485596
2024-01-11,548.219970703125,101.22000122070312,1099.97998046875,148.02000427246094,47.50076675415039,139.02999877929688,164.30345153808594,69.7699966430664,188.9600067138672,83.38999938964844,211.49000549316406,65.87000274658203,85.69999694824219,44.2400016784668,588.4299926757812,74.43000030517578,56.95000076293945,8.770000457763672,7.980000019073486,102.42597198486328,103.70999908447266,65.12999725341797,83.70999908447266,66.27999877929688,26.889999389648438,78.77999877929688,120.91999816894531,105.27999877929688,76.88999938964844,29.459999084472656,34.52000045776367,39.29999923706055,73.37999725341797,22.600000381469727,116.4800033569336,64.2326431274414,21.450000762939453,20.0,6.650000095367432,20.59000015258789,27.530000686645508,6.190000057220459,13.109999656677246,26.540000915527344,12.640000343322754,21.31999969482422,8.850000381469727,73.5925521850586,5.199999809265137,2.5,7.059999942779541,8.600000381469727,13.819999694824219,2.8399999141693115,1.3799999952316284,2.8499999046325684,1.0099999904632568,2.2699999809265137,3.1700000762939453,0.5,2.930000066757202,46.38704299926758,1.340000033378601,0.10999999940395355,6.480000019073486
2024-01-12,547.0999755859375,101.23999786376953,1107.6800537109375,146.55999755859375,46.98228454589844,140.1999969482422,163.57916259765625,70.0,188.36000061035156,82.38999938964844,209.11000061035156,65.68000030517578,85.41000366210938,43.560001373291016,578.760009765625,73.47000122070312,57.38999938964844,8.75,7.949999809265137,101.81990814208984,102.30000305175781,65.1500015258789,84.25,65.97000122070312,26.219999313354492,78.16999816894531,118.08000183105469,104.4800033569336,77.0999984741211,29.139999389648438,33.86000061035156,39.2599983215332,72.2699966430664,22.40999984741211,116.33999633789062,63.7561149597168,21.25,19.059999465942383,6.550000190734863,21.40999984741211,27.360000610351562,6.079999923706055,13.229999542236328,26.43000030517578,12.65999984741211,20.899999618530273,8.65999984741211,72.57537078857422,5.230000019073486,2.380000114440918,6.900000095367432,8.539999961853027,13.609999656677246,2.8499999046325684,1.3600000143051147,2.885999917984009,1.2400000095367432,2.25,2.259999990463257,0.5600000023841858,2.569999933242798,46.37705612182617,1.340000033378601,0.10999999940395355,6.579999923706055
2024-01-16,563.8200073242188,101.66999816894531,1114.9599609375,158.74000549316406,46.922462463378906,141.1199951171875,162.596923828125,68.4800033569336,187.7899932861328,84.61000061035156,208.99000549316406,65.5199966430664,85.16000366210938,43.54999923706055,596.4099731445312,73.80000305175781,55.61000061035156,8.720000267028809,7.829999923706055,101.64106750488281,101.41000366210938,66.20999908447266,86.16999816894531,68.87000274658203,25.969999313354492,78.11000061035156,118.83999633789062,103.80000305175781,77.06999969482422,28.299999237060547,32.72999954223633,39.779998779296875,70.4800033569336,22.290000915527344,117.55000305175781,63.110809326171875,21.1299991607666,18.549999237060547,6.329999923706055,21.309999465942383,27.010000228881836,5.920000076293945,13.100000381469727,26.15999984741211,12.902999877929688,20.729999542236328,8.649999618530273,71.0347900390625,5.190000057220459,2.259999990463257,6.800000190734863,8.470000267028809,13.6899995803833,2.8399999141693115,1.3200000524520874,2.930000066757202,0.9900000095367432,2.140000104904175,2.5999999046325684,0.5600000023841858,2.8299999237060547,46.241302490234375,1.350000023841858,0.10999999940395355,5.679999828338623
2024-01-17,560.530029296875,102.94999694824219,1103.6700439453125,160.1699981689453,45.92538833618164,139.32000732421875,161.14834594726562,69.86000061035156,185.42999267578125,83.27999877929688,205.47999572753906,65.36000061035156,83.33999633789062,42.560001373291016,584.3499755859375,72.2699966430664,54.869998931884766,8.630000114440918,7.639999866485596,99.574462890625,99.88999938964844,63.95000076293945,85.06999969482422,67.55999755859375,25.559999465942383,77.0,116.80999755859375,102.0,76.77999877929688,28.860000610351562,31.489999771118164,39.08000183105469,67.9000015258789,21.729999542236328,114.9000015258789,63.13066482543945,20.690000534057617,18.479999542236328,6.070000171661377,21.600000381469727,26.920000076293945,5.760000228881836,12.989999771118164,26.25,11.0,19.700000762939453,8.510000228881836,69.88922119140625,4.980000019073486,2.119999885559082,6.739999771118164,8.479999542236328,13.4399995803833,2.8299999237060547,1.2899999618530273,2.8499999046325684,0.9300000071525574,2.049999952316284,2.109999895095825,0.5199999809265137,2.3399999141693115,46.1025505065918,1.309999942779541,0.10999999940395355,5.300000190734863
2024-01-18,571.0700073242188,113.02999877929688,1143.9100341796875,162.6699981689453,46.60340118408203,145.2899932861328,165.6031951904297,74.2300033569336,189.97000122070312,84.81999969482422,211.61000061035156,68.20999908447266,86.16000366210938,43.9900016784668,610.9000244140625,73.22000122070312,56.77000045776367,9.050000190734863,7.789999961853027,103.06185150146484,103.77999877929688,66.7699966430664,88.87999725341797,69.18000030517578,26.65999984741211,79.51000213623047,122.20999908447266,105.05000305175781,78.19999694824219,29.389999389648438,31.899999618530273,40.790000915527344,69.13999938964844,22.209999084472656,117.58000183105469,63.0909538269043,21.479999542236328,19.850000381469727,6.150000095367432,22.65999984741211,27.18000030517578,5.889999866485596,13.130000114440918,27.229999542236328,11.199999809265137,20.200000762939453,8.680000305175781,76.74285125732422,5.090000152587891,2.0,6.949999809265137,8.569999694824219,13.479999542236328,2.8399999141693115,1.2699999809265137,2.559999942779541,0.9399999976158142,2.049999952316284,2.2300000190734863,0.5199999809265137,2.2200000286102295,46.04764938354492,1.2699999809265137,0.10999999940395355,5.519999980926514
2024-01-19,594.9099731445312,114.19999694824219,1211.199951171875,174.22999572753906,48.00927734375,151.9600067138672,172.29042053222656,78.58000183105469,194.77000427246094,87.51000213623047,218.36000061035156,71.08000183105469,89.44000244140625,44.9900016784668,631.3300170898438,73.87000274658203,59.16999816894531,9.270000457763672,7.960000038146973,105.35697174072266,105.55999755859375,68.45999908447266,90.30999755859375,73.22000122070312,28.06999969482422,80.68000030517578,126.33000183105469,108.55999755859375,82.25,29.8799991607666,32.38999938964844,42.43000030517578,69.06999969482422,22.309999465942383,121.25,63.924888610839844,22.149999618530273,21.200000762939453,6.28000020980835,22.889999389648438,27.600000381469727,6.050000190734863,13.119999885559082,27.540000915527344,11.199999809265137,20.450000762939453,8.819999694824219,76.38733673095703,5.239999771118164,2.0,6.849999904632568,8.729999542236328,14.199999809265137,2.859999895095825,1.309999942779541,2.950000047683716,0.9399999976158142,2.200000047683716,1.7300000190734863,0.5400000214576721,2.1600000858306885,45.97577667236328,1.2699999809265137,0.10999999940395355,5.840000152587891
2024-01-22,596.5399780273438,113.02999877929688,1220.5,168.17999267578125,48.07907485961914,152.8699951171875,173.461181640625,77.11000061035156,197.30999755859375,89.23999786376953,218.83999633789062,70.11000061035156,90.73999786376953,45.33000183105469,637.760009765625,75.19000244140625,58.7400016784668,9.390000343322754,8.100000381469727,107.89054107666016,106.69999694824219,69.0199966430664,92.5199966430664,73.98999786376953,28.190000534057617,81.81999969482422,129.69000244140625,112.77999877929688,82.37000274658203,30.459999084472656,34.66999816894531,43.04999923706055,71.12000274658203,22.670000076293945,124.0,64.45105743408203,23.06999969482422,22.040000915527344,6.5,22.6200008392334,27.68000030517578,6.159999847412109,13.600000381469727,28.170000076293945,10.248000144958496,21.06999969482422,9.359999656677246,78.05630493164062,5.550000190734863,2.0299999713897705,7.019999980926514,8.829999923706055,14.710000038146973,2.859999895095825,1.3700000047683716,2.6600000858306885,1.1299999952316284,2.380000114440918,1.659999966621399,0.5899999737739563,2.0199999809265137,46.0626220703125,1.190000057220459,0.10000000149011612,6.590000152587891
2024-01-23,598.72998046875,114.12999725341797,1226.31005859375,168.4199981689453,48.74711227416992,153.5,172.9750213623047,76.3499984741211,201.3699951171875,87.52999877929688,223.92999267578125,70.5999984741211,91.98999786376953,46.66999816894531,642.0,76.75,60.41999816894531,9.470000267028809,8.119999885559082,109.08281707763672,107.7699966430664,70.45999908447266,91.66999816894531,73.6500015258789,28.68000030517578,83.73999786376953,133.83999633789062,113.66999816894531,81.95999908447266,30.56999969482422,36.59000015258789,42.95000076293945,71.4000015258789,22.770000457763672,125.16999816894531,64.01424407958984,23.399999618530273,22.350000381469727,6.519999980926514,22.790000915527344,27.420000076293945,6.25,13.569999694824219,28.709999084472656,9.946999549865723,21.260000228881836,9.6899995803833,77.76991271972656,5.880000114440918,2.2899999618530273,6.929999828338623,8.789999961853027,14.40999984741211,2.880000114440918,1.4299999475479126,2.6700000762939453,1.1100000143051147,2.319999933242798,1.5499999523162842,0.5799999833106995,2.0899999141693115,45.99274826049805,1.2599999904632568,0.09000000357627869,6.360000133514404
2024-01-24,613.6199951171875,116.5199966430664,1253.8699951171875,178.2899932861328,48.946529388427734,154.3699951171875,168.7384490966797,75.73999786376953,198.3000030517578,88.08000183105469,221.69000244140625,72.27999877929688,90.55999755859375,45.959999084472656,632.0,75.1500015258789,60.27000045776367,9.520000457763672,8.210000038146973,107.10563659667969,105.95999908447266,68.83999633789062,89.83000183105469,73.37000274658203,28.549999237060547,82.81999969482422,133.00999450683594,110.51000213623047,79.45999908447266,29.950000762939453,35.91999816894531,43.75,69.83999633789062,22.530000686645508,123.01000213623047,63.845462799072266,23.420000076293945,21.920000076293945,6.380000114440918,22.190000534057617,27.440000534057617,6.170000076293945,13.300000190734863,28.100000381469727,9.76099967956543,20.860000610351562,9.800000190734863,78.06617736816406,6.210000038146973,2.3299999237060547,6.909999847412109,8.739999771118164,14.65999984741211,2.8499999046325684,1.5099999904632568,2.6070001125335693,1.1399999856948853,2.2699999809265137,1.8799999952316284,0.6000000238418579,2.200000047683716,45.892921447753906,1.3200000524520874,0.09000000357627869,5.739999771118164
2024-01-25,616.1699829101562,116.55999755859375,1230.0,180.3300018310547,49.40518569946289,154.47000122070312,166.10919189453125,73.91000366210938,197.3000030517578,89.19999694824219,219.41000366210938,70.0,89.6500015258789,45.599998474121094,615.6799926757812,72.69000244140625,59.33000183105469,9.630000114440918,8.270000457763672,106.34059143066406,106.44000244140625,66.88999938964844,89.68000030517578,73.23999786376953,27.559999465942383,82.69999694824219,131.72000122070312,110.86000061035156,78.38999938964844,28.989999771118164,34.22999954223633,43.099998474121094,69.05999755859375,22.239999771118164,121.12999725341797,62.8129768371582,23.1200008392334,21.260000228881836,6.329999923706055,22.030000686645508,27.299999237060547,6.110000133514404,13.34000015258789,27.969999313354492,9.496000289916992,20.670000076293945,9.180000305175781,79.3499984741211,5.929999828338623,2.319999933242798,6.820000171661377,8.640000343322754,15.279999732971191,2.869999885559082,1.5099999904632568,2.630000114440918,1.1299999952316284,2.2100000381469727,1.659999966621399,0.6700000166893005,2.1700000762939453,46.04764938354492,1.4900000095367432,0.10000000149011612,5.579999923706055
2024-01-26,610.3099975585938,117.26000213623047,1204.8800048828125,177.25,43.522430419921875,150.72000122070312,162.80526733398438,71.16999816894531,193.92999267578125,88.05000305175781,215.1199951171875,68.04000091552734,86.91999816894531,44.619998931884766,601.1400146484375,71.70999908447266,56.5,9.4399995803833,7.840000152587891,103.91630554199219,103.68000030517578,62.529998779296875,87.37000274658203,71.27999877929688,26.760000228881836,80.05999755859375,128.42999267578125,109.37999725341797,77.12999725341797,28.959999084472656,34.09000015258789,41.099998474121094,68.44000244140625,22.1299991607666,116.52999877929688,61.84998321533203,22.139999389648438,20.59000015258789,6.199999809265137,21.079999923706055,27.18000030517578,5.940000057220459,12.869999885559082,26.799999237060547,9.069999694824219,19.84000015258789,8.430000305175781,76.87999725341797,6.010000228881836,2.3299999237060547,6.679999828338623,8.529999732971191,13.3100004196167,2.890000104904175,1.4800000190734863,2.509999990463257,1.1399999856948853,1.8799999952316284,1.7100000381469727,0.6299999952316284,2.0899999141693115,45.97777557373047,1.4900000095367432,0.10000000149011612,5.650000095367432
2024-01-29,624.6500244140625,116.9800033569336,1217.77001953125,177.8300018310547,43.71187210083008,149.63999938964844,164.739990234375,72.93000030517578,197.1999969482422,89.06999969482422,217.47000122070312,70.13999938964844,87.2300033569336,44.81999969482422,619.780029296875,73.0199966430664,57.349998474121094,9.479999542236328,7.889999866485596,105.46626281738281,103.69999694824219,63.720001220703125,89.5999984741211,73.02999877929688,27.3799991607666,80.37999725341797,131.4600067138672,110.31999969482422,77.70999908447266,29.329999923706055,35.31999969482422,41.9900016784668,69.11000061035156,22.329999923706055,119.12000274658203,60.70829391479492,22.280000686645508,21.350000381469727,6.409999847412109,21.420000076293945,27.059999465942383,5.949999809265137,13.180000305175781,27.56999969482422,9.170000076293945,20.329999923706055,9.3100004196167,78.25,6.300000190734863,2.3299999237060547,6.690000057220459,8.619999885559082,12.779999732971191,2.930000066757202,1.4800000190734863,2.5299999713897705,1.2000000476837158,1.9199999570846558,1.9299999475479126,0.6499999761581421,2.140000104904175,46.16244125366211,1.5099999904632568,0.10000000149011612,5.599999904632568
2024-01-30,627.739990234375,116.05999755859375,1208.1600341796875,172.05999755859375,42.794559478759766,145.97999572753906,162.0500030517578,71.97000122070312,194.74000549316406,86.16000366210938,215.1699981689453,68.83000183105469,85.95999908447266,44.34000015258789,613.4199829101562,72.56999969482422,56.470001220703125,9.380000114440918,7.829999923706055,103.65798950195312,100.26000213623047,61.189998626708984,88.08000183105469,71.43000030517578,26.559999465942383,78.52999877929688,123.55000305175781,107.37000274658203,76.02999877929688,28.950000762939453,33.95000076293945,41.29999923706055,67.0,22.31999969482422,110.0,62.088253021240234,21.510000228881836,20.770000457763672,6.119999885559082,20.8700008392334,27.149999618530273,5.809999942779541,13.239999771118164,26.420000076293945,9.170000076293945,19.670000076293945,9.020000457763672,77.0,6.539999961853027,2.380000114440918,6.690000057220459,8.649999618530273,11.859999656677246,2.950000047683716,1.6799999475479126,2.559999942779541,1.2999999523162842,1.9800000190734863,1.8200000524520874,0.6200000047683716,2.200000047683716,46.210357666015625,1.340000033378601,0.10000000149011612,5.260000228881836
2024-01-31,615.27001953125,112.95999908447266,1180.0,167.69000244140625,42.954097747802734,148.50999450683594,160.1199951171875,70.66999816894531,192.36000061035156,85.75,210.57000732421875,67.69999694824219,85.18000030517578,44.119998931884766,602.719970703125,71.12999725341797,54.97999954223633,9.289999961853027,7.710000038146973,103.78714752197266,99.73999786376953,60.86000061035156,86.2300033569336,68.52999877929688,25.940000534057617,77.19999694824219,123.36000061035156,106.80999755859375,74.95999908447266,28.850000381469727,32.54999923706055,38.77000045776367,67.31999969482422,21.729999542236328,106.56999969482422,62.52507019042969,20.81999969482422,19.84000015258789,5.730000019073486,19.649999618530273,26.8799991607666,5.710000038146973,12.979999542236328,25.65999984741211,9.170000076293945,19.200000762939453,8.640000343322754,79.98999786376953,6.190000057220459,2.319999933242798,6.53000020980835,8.539999961853027,11.369999885559082,2.950000047683716,1.7699999809265137,2.7149999141693115,1.340000033378601,1.9800000190734863,1.9600000381469727,0.5899999737739563,2.190000057220459,46.40999984741211,1.2899999618530273,0.10000000149011612,5.289999961853027
2024-02-01,630.27001953125,113.38999938964844,1200.010009765625,170.47999572753906,43.2332763671875,141.11000061035156,159.69000244140625,70.5199966430664,192.00999450683594,85.61000061035156,213.00999450683594,66.87000274658203,85.6500015258789,44.290000915527344,614.1300048828125,70.19000244140625,54.65999984741211,9.050000190734863,7.690000057220459,102.29680633544922,105.75,61.130001068115234,84.04000091552734,68.1500015258789,29.139999389648438,76.97000122070312,122.3499984741211,106.77999877929688,75.58000183105469,28.68000030517578,28.1200008392334,39.220001220703125,67.69000244140625,21.989999771118164,106.83000183105469,63.08102798461914,18.520000457763672,19.770000457763672,5.679999828338623,19.6200008392334,26.920000076293945,5.769999980926514,13.079999923706055,25.889999389648438,9.489999771118164,19.209999084472656,8.890000343322754,80.05000305175781,6.159999847412109,2.319999933242798,6.630000114440918,8.65999984741211,11.220000267028809,2.940000057220459,2.130000114440918,2.6600000858306885,1.409999966621399,2.0899999141693115,2.3299999237060547,0.6299999952316284,2.2300000190734863,46.60100173950195,1.25,0.09000000357627869,4.300000190734863
2024-02-02,661.5999755859375,115.75,1224.3399658203125,177.66000366210938,42.475494384765625,141.69000244140625,159.1999969482422,71.0,192.10000610351562,86.4800033569336,214.99000549316406,67.52999877929688,84.29000091552734,43.650001525878906,635.8599853515625,70.83000183105469,55.27000045776367,8.859999656677246,7.619999885559082,100.50840759277344,103.58999633789062,61.68000030517578,80.26000213623047,68.8499984741211,28.65999984741211,76.69999694824219,121.37999725341797,105.19999694824219,75.41999816894531,28.68000030517578,26.510000228881836,39.349998474121094,67.41999816894531,21.920000076293945,105.80999755859375,63.428497314453125,17.770000457763672,19.3799991607666,5.630000114440918,20.149999618530273,26.5,5.710000038146973,12.920000076293945,25.229999542236328,9.489999771118164,18.84000015258789,9.1899995803833,79.69000244140625,6.25,2.259999990463257,6.489999771118164,8.579999923706055,11.40999984741211,2.9200000762939453,2.0299999713897705,2.6500000953674316,1.409999966621399,2.119999885559082,2.299999952316284,0.6600000262260437,2.1500000953674316,46.31999969482422,1.25,0.09000000357627869,4.179999828338623
2024-02-05,693.3200073242188,118.79000091552734,1243.0999755859375,174.22999572753906,42.64500045776367,144.02999877929688,158.89999389648438,73.2699966430664,192.55999755859375,86.9800033569336,221.02000427246094,67.0199966430664,85.45999908447266,44.75,646.2100219726562,77.58999633789062,51.564998626708984,9.100000381469727,7.670000076293945,100.14078521728516,107.33000183105469,62.84000015258789,81.2699966430664,68.37000274658203,29.549999237060547,78.70999908447266,120.12000274658203,105.4800033569336,74.41999816894531,28.549999237060547,25.280000686645508,39.290000915527344,67.44999694824219,21.649999618530273,107.66999816894531,63.86532211303711,17.809999465942383,19.31999969482422,5.590000152587891,20.549999237060547,26.440000534057617,5.639999866485596,12.890000343322754,26.06999969482422,9.288999557495117,19.59000015258789,9.0,79.68000030517578,6.230000019073486,2.2200000286102295,6.5,8.729999542236328,11.609999656677246,2.9000000953674316,2.0399999618530273,2.75,1.3700000047683716,2.119999885559082,2.8499999046325684,0.6499999761581421,2.450000047683716,46.15800094604492,1.2699999809265137,0.09000000357627869,3.049999952316284
2024-02-06,682.22998046875,119.37999725341797,1222.6500244140625,167.8800048828125,42.7400016784668,144.10000610351562,158.3699951171875,72.9800033569336,189.7100067138672,84.5999984741211,223.0,67.08000183105469,83.25,44.220001220703125,632.97998046875,76.31999969482422,51.650001525878906,9.079999923706055,7.670000076293945,102.38623046875,108.61000061035156,61.54999923706055,79.91999816894531,55.2599983215332,29.559999465942383,78.41999816894531,118.30000305175781,103.8499984741211,73.87999725341797,28.899999618530273,26.700000762939453,38.15999984741211,68.2300033569336,21.579999923706055,107.58999633789062,64.46098327636719,17.270000457763672,19.469999313354492,5.710000038146973,20.7450008392334,26.290000915527344,5.559999942779541,13.489999771118164,25.739999771118164,10.220000267028809,19.469999313354492,8.989999771118164,78.77999877929688,6.400000095367432,2.259999990463257,6.510000228881836,8.65999984741211,11.789999961853027,2.890000104904175,2.1600000858306885,2.75,1.3799999952316284,2.109999895095825,2.930000066757202,0.6499999761581421,2.549999952316284,46.26499938964844,1.2300000190734863,0.09000000357627869,1.75
2024-02-07,700.989990234375,124.9800033569336,1257.06005859375,170.94000244140625,42.779998779296875,145.88999938964844,158.77000427246094,77.01000213623047,191.97000122070312,85.16999816894531,221.3699951171875,69.37000274658203,83.30999755859375,44.029998779296875,645.4099731445312,76.95999908447266,52.540000915527344,9.270000457763672,7.900000095367432,103.04197692871094,110.8499984741211,63.91999816894531,80.81999969482422,53.619998931884766,29.84000015258789,89.86000061035156,133.7100067138672,108.08000183105469,75.12000274658203,29.25,26.549999237060547,38.119998931884766,66.75,21.190000534057617,109.11000061035156,66.46639251708984,17.639999389648438,19.829999923706055,5.679999828338623,20.93000030517578,26.739999771118164,5.5,13.5,23.0,10.9399995803833,19.31999969482422,8.890000343322754,79.43000030517578,6.510000228881836,2.2100000381469727,6.650000095367432,8.579999923706055,11.829999923706055,2.9000000953674316,2.109999895095825,2.690000057220459,1.2999999523162842,2.240000009536743,3.549999952316284,0.6299999952316284,2.8499999046325684,46.244998931884766,1.25,0.07999999821186066,1.7799999713897705
2024-02-08,696.4099731445312,133.72999572753906,1274.760009765625,169.35000610351562,42.5,148.17999267578125,160.2100067138672,113.88999938964844,194.05999755859375,84.87999725341797,227.8300018310547,71.0199966430664,84.3499984741211,45.16999816894531,737.0700073242188,80.70999908447266,54.779998779296875,9.430000305175781,8.050000190734863,103.91630554199219,112.62000274658203,68.05000305175781,82.44999694824219,56.25,30.690000534057617,93.23999786376953,137.27000427246094,110.22000122070312,78.29000091552734,29.459999084472656,28.3799991607666,38.959999084472656,68.73999786376953,21.850000381469727,116.37000274658203,67.40953826904297,18.270000457763672,20.260000228881836,6.329999923706055,21.989999771118164,28.200000762939453,5.519999980926514,13.470000267028809,22.5,10.970000267028809,20.6200008392334,9.289999961853027,80.83000183105469,6.820000171661377,2.259999990463257,6.71999979019165,8.800000190734863,12.520000457763672,2.9200000762939453,2.25,2.546999931335449,1.309999942779541,2.2200000286102295,2.7899999618530273,0.6299999952316284,2.4200000762939453,46.22999954223633,1.2699999809265137,0.07999999821186066,1.7799999713897705
2024-02-09,721.3300170898438,133.11000061035156,1283.43994140625,172.47999572753906,43.310001373291016,151.0,162.39999389648438,115.20999908447266,195.02000427246094,85.55999755859375,233.5500030517578,68.83000183105469,85.44000244140625,46.2599983215332,752.3099975585938,80.80000305175781,55.939998626708984,9.619999885559082,8.109999656677246,104.37335205078125,112.31999969482422,69.73999786376953,83.61000061035156,58.70000076293945,31.530000686645508,93.05999755859375,142.4600067138672,112.20999908447266,81.54000091552734,29.40999984741211,29.020000457763672,42.95000076293945,69.98999786376953,22.299999237060547,124.95999908447266,67.96548461914062,19.040000915527344,21.0,6.699999809265137,22.850000381469727,29.65999984741211,5.489999771118164,14.09000015258789,23.469999313354492,10.079999923706055,21.639999389648438,10.279999732971191,83.87999725341797,6.96999979019165,2.309999942779541,6.769999980926514,8.989999771118164,12.970000267028809,2.9100000858306885,2.2100000381469727,2.549999952316284,1.350000023841858,2.3399999141693115,2.430000066757202,0.3799999952316284,2.430000066757202,46.2400016784668,1.2599999904632568,0.07999999821186066,1.840000033378601
2024-02-12,722.47998046875,130.4600067138672,1265.0,171.91000366210938,44.029998779296875,153.10000610351562,161.0800018310547,148.97000122070312,194.0500030517578,85.69999694824219,236.67999267578125,70.41999816894531,83.94999694824219,45.86000061035156,729.8699951171875,80.91999816894531,55.81999969482422,9.579999923706055,8.0600004196167,105.43646240234375,113.7300033569336,71.0,85.02999877929688,58.040000915527344,31.639999389648438,92.13999938964844,144.6300048828125,113.68000030517578,79.43000030517578,30.09000015258789,29.760000228881836,42.310001373291016,70.06999969482422,22.530000686645508,125.8499984741211,68.27324676513672,20.229999542236328,21.010000228881836,6.809999942779541,22.59000015258789,29.8799991607666,5.570000171661377,14.279999732971191,23.649999618530273,10.15999984741211,21.93000030517578,10.5,84.70999908447266,6.880000114440918,2.430000066757202,6.800000190734863,8.960000038146973,12.640000343322754,2.880000114440918,2.609999895095825,2.809999942779541,1.3300000429153442,2.549999952316284,2.2699999809265137,0.38999998569488525,2.680000066757202,46.3650016784668,1.7300000190734863,0.05000000074505806,1.6699999570846558
2024-02-13,721.280029296875,127.55000305175781,1251.6500244140625,171.5399932861328,43.15999984741211,150.0399932861328,156.85000610351562,119.9800033569336,184.69000244140625,81.52999877929688,232.07000732421875,68.12999725341797,80.66999816894531,44.209999084472656,712.1199951171875,78.58999633789062,54.65999984741211,9.350000381469727,7.789999961853027,102.71410369873047,111.70999908447266,72.30000305175781,84.20999908447266,55.220001220703125,30.34000015258789,88.83000183105469,136.66000366210938,108.13999938964844,72.16999816894531,28.6299991607666,27.790000915527344,40.11000061035156,66.05999755859375,21.149999618530273,120.61000061035156,67.06206512451172,18.600000381469727,19.280000686645508,6.360000133514404,21.559999465942383,29.040000915527344,5.329999923706055,13.270000457763672,22.229999542236328,9.529999732971191,20.190000534057617,9.399999618530273,78.7699966430664,6.96999979019165,2.309999942779541,6.519999980926514,8.59000015258789,12.210000038146973,2.9000000953674316,2.6600000858306885,2.7899999618530273,1.2899999618530273,2.4200000762939453,2.3299999237060547,0.36000001430511475,2.3299999237060547,46.099998474121094,1.590000033378601,0.05000000074505806,1.4800000190734863
2024-02-14,739.0,129.27000427246094,1262.219970703125,178.6999969482422,44.189998626708984,153.94000244140625,157.8699951171875,126.4000015258789,186.32000732421875,81.83000183105469,233.9600067138672,68.95999908447266,80.58000183105469,44.9900016784668,745.1799926757812,81.66999816894531,54.970001220703125,9.539999961853027,7.929999828338623,105.14832305908203,113.58999633789062,76.26000213623047,85.9000015258789,57.02000045776367,31.229999542236328,90.73999786376953,140.91000366210938,110.68000030517578,75.25,31.8799991607666,28.559999465942383,42.540000915527344,68.16000366210938,21.670000076293945,115.54000091552734,68.46187591552734,19.1200008392334,20.260000228881836,6.789999961853027,21.700000762939453,28.940000534057617,5.510000228881836,13.789999961853027,22.889999389648438,10.029999732971191,24.510000228881836,10.244999885559082,81.93000030517578,7.579999923706055,2.4000000953674316,6.679999828338623,8.770000457763672,12.40999984741211,2.9200000762939453,2.75,2.799999952316284,1.2799999713897705,2.5999999046325684,2.190000057220459,0.36000001430511475,2.5899999141693115,46.222999572753906,1.5299999713897705,0.05000000074505806,1.5299999713897705
2024-02-15,726.5800170898438,129.02999877929688,1265.0699462890625,176.75999450683594,44.04999923706055,155.97999572753906,160.7100067138672,133.67999267578125,187.5399932861328,81.62999725341797,234.49000549316406,67.44000244140625,82.51000213623047,45.310001373291016,734.3200073242188,80.62000274658203,54.33000183105469,9.630000114440918,7.800000190734863,104.88999938964844,113.87999725341797,74.4800033569336,86.20999908447266,56.34000015258789,31.25,91.62999725341797,141.9499969482422,110.12999725341797,75.6500015258789,32.869998931884766,28.020000457763672,42.400001525878906,69.16000366210938,22.299999237060547,107.5999984741211,68.72000122070312,19.8700008392334,19.940000534057617,6.71999979019165,21.280000686645508,28.270000457763672,5.409999847412109,14.609999656677246,22.969999313354492,10.029999732971191,24.489999771118164,10.140000343322754,82.58000183105469,7.800000190734863,2.569999933242798,6.550000190734863,8.729999542236328,12.970000267028809,2.9200000762939453,2.5999999046325684,2.8499999046325684,1.3200000524520874,2.569999933242798,2.200000047683716,0.4300000071525574,2.6549999713897705,46.290000915527344,1.4199999570846558,0.05000000074505806,1.5700000524520874
2024-02-16,726.1300048828125,126.69000244140625,1245.47998046875,173.8699951171875,43.5099983215332,152.69000244140625,160.3800048828125,128.33999633789062,188.24000549316406,79.5,232.16000366210938,66.29000091552734,81.61000061035156,45.18000030517578,730.5,78.63999938964844,53.380001068115234,9.609999656677246,7.699999809265137,103.75,112.16999816894531,73.23999786376953,85.62999725341797,56.09000015258789,31.149999618530273,90.2699966430664,139.75,106.31999969482422,73.3499984741211,33.720001220703125,26.889999389648438,41.810001373291016,68.02999877929688,22.280000686645508,103.5199966430664,68.45999908447266,19.56999969482422,19.920000076293945,6.340000152587891,20.559999465942383,28.0,5.449999809265137,14.380000114440918,22.40999984741211,10.029999732971191,23.049999237060547,9.930000305175781,81.2300033569336,7.420000076293945,2.5399999618530273,6.429999828338623,8.739999771118164,12.880000114440918,2.890000104904175,2.7100000381469727,2.880000114440918,1.3799999952316284,2.5399999618530273,2.380000114440918,0.4399999976158142,2.5799999237060547,46.224998474121094,1.6200000047683716,0.05000000074505806,1.5299999713897705
